Workbook

Sheet README
A1: Par Levels Report — Retail Stores
A3: What changed from the original file
A4: Split into one tab per store instead of all 5 locations mixed together in one long list. The confusing "Total Units Sold (full window)" column has been removed from each store tab — that number was actually the item's combined sales total across all 4 stores, repeated identically on every row regardless of which store the row was for. That made it look like items had sales at the Warehouse (which never sells to customers), when the real store-specific numbers next to it were correctly zero.
A6: Warehouse
A7: The Warehouse is excluded from this file since it does not sell to customers — a sales-based par level does not apply to it. Warehouse par levels are calculated separately, based on transfer-out volume to stores, in Warehouse_Par_Levels_Report.xlsx.
B13: 7 | C13: How many days of demand to cover between placing an order and receiving it.
A14: Safety Buffer % | B14: 0.25 | C14: Extra cushion on top of lead-time demand, to absorb sales spikes.
A15: Order Cycle (days) | B15: 14 | C15: How often you place reorders for this item category. Used to size Par Level beyond the Reorder Level.
A17: Reorder Level vs. Par Level
A18: Reorder Level = the point at which you should place a new order. Formula: Avg Daily Units x Lead Time (days) x (1 + Safety Buffer %), rounded up. Covers you through the lead time only. Par Level = the stocking target -- how much you want on hand right after restocking. Formula: Reorder Level + (Avg Daily Units x Order Cycle days), rounded up. Covers you through the lead time AND the following order cycle.
A20: Tabs in this file
A21: - Las Olas — top 100 items by units sold at this store
A22: - Bayview — top 100 items by units sold at this store
A23: - Beach — top 100 items by units sold at this store
A24: - Sunrise — top 100 items by units sold at this store

Sheet Las Olas
A1: SKU | B1: Item Name | C1: Units Sold (Last 90 Days) | D1: Avg Daily Units | E1: Gappy Sales Pattern | F1: Spiky Sales Pattern | G1: Reorder Level | H1: Par Level (Stocking Target)
A2: 2.1E+11 | B2: HEETS RED FOR IQOS | C2: 119 | D2: 1.322 | G2: =ROUNDUP(D2*README!$B$13*(1+README!$B$14),0) -> 12 | H2: =G2+ROUNDUP(D2*README!$B$15,0) -> 31
A3: 2.1E+11 | B3: HEETS IQOS AMBER | C3: 94 | D3: 1.044 | G3: =ROUNDUP(D3*README!$B$13*(1+README!$B$14),0) -> 10 | H3: =G3+ROUNDUP(D3*README!$B$15,0) -> 25
A4: 2.1E+12 | B4: RED SINGLE SOLO CUP | C4: 74 | D4: 0.822 | G4: =ROUNDUP(D4*README!$B$13*(1+README!$B$14),0) -> 8 | H4: =G4+ROUNDUP(D4*README!$B$15,0) -> 20
A5: 6.19947E+11 | B5: TITOS HANDMADE VODKA 80 50ML | C5: 44 | D5: 0.489 | G5: =ROUNDUP(D5*README!$B$13*(1+README!$B$14),0) -> 5 | H5: =G5+ROUNDUP(D5*README!$B$15,0) -> 12
A6: 7.93573E+11 | B6: NATUZZI ICE BAG 10 LB | C6: 45 | D6: 0.5 | G6: =ROUNDUP(D6*README!$B$13*(1+README!$B$14),0) -> 5 | H6: =G6+ROUNDUP(D6*README!$B$15,0) -> 12
A7: 70330604599 | B7: BIC LIGHTER | C7: 32 | D7: 0.356 | G7: =ROUNDUP(D7*README!$B$13*(1+README!$B$14),0) -> 4 | H7: =G7+ROUNDUP(D7*README!$B$15,0) -> 9
A8: 2.1E+11 | B8: ZEPHYRHILLS 500ML (16.9 OUNCE) SINGLE | C8: 32 | D8: 0.356 | G8: =ROUNDUP(D8*README!$B$13*(1+README!$B$14),0) -> 4 | H8: =G8+ROUNDUP(D8*README!$B$15,0) -> 9
A9: 2.1E+11 | B9: TIP TOP BEE'S KNEES Single Can 100ml | C9: 33 | D9: 0.367 | G9: =ROUNDUP(D9*README!$B$13*(1+README!$B$14),0) -> 4 | H9: =G9+ROUNDUP(D9*README!$B$15,0) -> 10
A10: 4904403 | B10: COCA COLA 20OZ | C10: 22 | D10: 0.244 | G10: =ROUNDUP(D10*README!$B$13*(1+README!$B$14),0) -> 3 | H10: =G10+ROUNDUP(D10*README!$B$15,0) -> 7
A11: 88004144708 | B11: FIREBALL 50ML | C11: 29 | D11: 0.322 | G11: =ROUNDUP(D11*README!$B$13*(1+README!$B$14),0) -> 3 | H11: =G11+ROUNDUP(D11*README!$B$15,0) -> 8
A12: 2838423 | B12: MARLBORO GOLD CIGARETTE BOX | C12: 26 | D12: 0.289 | G12: =ROUNDUP(D12*README!$B$13*(1+README!$B$14),0) -> 3 | H12: =G12+ROUNDUP(D12*README!$B$15,0) -> 8
A13: 6.19947E+11 | B13: TITOS HANDMADE VODKA 80 1.75L | C13: 28 | D13: 0.311 | G13: =ROUNDUP(D13*README!$B$13*(1+README!$B$14),0) -> 3 | H13: =G13+ROUNDUP(D13*README!$B$15,0) -> 8
... A101: 2.1E+11 | B101: ICE CUPS | C101: 0 | D101: 0 | G101: =ROUNDUP(D101*README!$B$13*(1+README!$B$14),0) -> 0 | H101: =G101+ROUNDUP(D101*README!$B$15,0) -> 0

Sheet Bayview
A1: SKU | B1: Item Name | C1: Units Sold (Last 90 Days) | D1: Avg Daily Units | E1: Gappy Sales Pattern | F1: Spiky Sales Pattern | G1: Reorder Level | H1: Par Level (Stocking Target)
A2: 2.1E+12 | B2: RED SINGLE SOLO CUP | C2: 22 | D2: 0.244 | G2: =ROUNDUP(D2*README!$B$13*(1+README!$B$14),0) -> 3 | H2: =G2+ROUNDUP(D2*README!$B$15,0) -> 7
A3: 6.19947E+11 | B3: TITOS HANDMADE VODKA 80 1.75L | C3: 12 | D3: 0.133 | G3: =ROUNDUP(D3*README!$B$13*(1+README!$B$14),0) -> 2 | H3: =G3+ROUNDUP(D3*README!$B$15,0) -> 4
A4: LIMES | B4: LIMES | C4: 14 | D4: 0.156 | G4: =ROUNDUP(D4*README!$B$13*(1+README!$B$14),0) -> 2 | H4: =G4+ROUNDUP(D4*README!$B$15,0) -> 5
A5: 2.1E+11 | B5: HEETS RED FOR IQOS | C5: 4 | D5: 0.044 | G5: =ROUNDUP(D5*README!$B$13*(1+README!$B$14),0) -> 1 | H5: =G5+ROUNDUP(D5*README!$B$15,0) -> 2
A6: 2.1E+11 | B6: HEETS IQOS AMBER | C6: 9 | D6: 0.1 | G6: =ROUNDUP(D6*README!$B$13*(1+README!$B$14),0) -> 1 | H6: =G6+ROUNDUP(D6*README!$B$15,0) -> 3
A7: 6.19947E+11 | B7: TITOS HANDMADE VODKA 80 50ML | C7: 4 | D7: 0.044 | G7: =ROUNDUP(D7*README!$B$13*(1+README!$B$14),0) -> 1 | H7: =G7+ROUNDUP(D7*README!$B$15,0) -> 2
A8: 7.93573E+11 | B8: NATUZZI ICE BAG 10 LB | C8: 9 | D8: 0.1 | G8: =ROUNDUP(D8*README!$B$13*(1+README!$B$14),0) -> 1 | H8: =G8+ROUNDUP(D8*README!$B$15,0) -> 3
A9: 88004144708 | B9: FIREBALL 50ML | C9: 1 | D9: 0.011 | G9: =ROUNDUP(D9*README!$B$13*(1+README!$B$14),0) -> 1 | H9: =G9+ROUNDUP(D9*README!$B$15,0) -> 2
A10: 7.86162E+11 | B10: SMART WATER SPORTS CAP 700ML | C10: 4 | D10: 0.044 | G10: =ROUNDUP(D10*README!$B$13*(1+README!$B$14),0) -> 1 | H10: =G10+ROUNDUP(D10*README!$B$15,0) -> 2
A11: 52000324815 | B11: Gatorade Cool Blue 20oz | C11: 2 | D11: 0.022 | G11: =ROUNDUP(D11*README!$B$13*(1+README!$B$14),0) -> 1 | H11: =G11+ROUNDUP(D11*README!$B$15,0) -> 2
A12: 6.1127E+11 | B12: Red bull 12oz | C12: 9 | D12: 0.1 | G12: =ROUNDUP(D12*README!$B$13*(1+README!$B$14),0) -> 1 | H12: =G12+ROUNDUP(D12*README!$B$15,0) -> 3
A13: 6.32565E+11 | B13: FIJI 500ML SINGLE | C13: 2 | D13: 0.022 | G13: =ROUNDUP(D13*README!$B$13*(1+README!$B$14),0) -> 1 | H13: =G13+ROUNDUP(D13*README!$B$15,0) -> 2
... A101: 41508800082 | B101: San Pellegrino 500ML | C101: 0 | D101: 0 | G101: =ROUNDUP(D101*README!$B$13*(1+README!$B$14),0) -> 0 | H101: =G101+ROUNDUP(D101*README!$B$15,0) -> 0

Sheet Beach
A1: SKU | B1: Item Name | C1: Units Sold (Last 90 Days) | D1: Avg Daily Units | E1: Gappy Sales Pattern | F1: Spiky Sales Pattern | G1: Reorder Level | H1: Par Level (Stocking Target)
A2: 2.1E+12 | B2: RED SINGLE SOLO CUP | C2: 115 | D2: 1.278 | G2: =ROUNDUP(D2*README!$B$13*(1+README!$B$14),0) -> 12 | H2: =G2+ROUNDUP(D2*README!$B$15,0) -> 30
A3: 70330604599 | B3: BIC LIGHTER | C3: 82 | D3: 0.911 | G3: =ROUNDUP(D3*README!$B$13*(1+README!$B$14),0) -> 8 | H3: =G3+ROUNDUP(D3*README!$B$15,0) -> 21
A4: 2.1E+11 | B4: ZEPHYRHILLS 500ML (16.9 OUNCE) SINGLE | C4: 58 | D4: 0.644 | G4: =ROUNDUP(D4*README!$B$13*(1+README!$B$14),0) -> 6 | H4: =G4+ROUNDUP(D4*README!$B$15,0) -> 16
A5: 73430005006 | B5: Zephyrhills 1.5L | C5: 52 | D5: 0.578 | G5: =ROUNDUP(D5*README!$B$13*(1+README!$B$14),0) -> 6 | H5: =G5+ROUNDUP(D5*README!$B$15,0) -> 15
A6: 7.86162E+11 | B6: SMART WATER SPORTS CAP 700ML | C6: 34 | D6: 0.378 | G6: =ROUNDUP(D6*README!$B$13*(1+README!$B$14),0) -> 4 | H6: =G6+ROUNDUP(D6*README!$B$15,0) -> 10
A7: 73430562226 | B7: ZEPHYRHILLS 23.7OZ Sports Cap | C7: 38 | D7: 0.422 | G7: =ROUNDUP(D7*README!$B$13*(1+README!$B$14),0) -> 4 | H7: =G7+ROUNDUP(D7*README!$B$15,0) -> 10
A8: 25900227333 | B8: SWISHER SWEETS 2PK | C8: 39 | D8: 0.433 | G8: =ROUNDUP(D8*README!$B$13*(1+README!$B$14),0) -> 4 | H8: =G8+ROUNDUP(D8*README!$B$15,0) -> 11
A9: 6.19947E+11 | B9: TITOS HANDMADE VODKA 80 50ML | C9: 28 | D9: 0.311 | G9: =ROUNDUP(D9*README!$B$13*(1+README!$B$14),0) -> 3 | H9: =G9+ROUNDUP(D9*README!$B$15,0) -> 8
A10: 88004144708 | B10: FIREBALL 50ML | C10: 28 | D10: 0.311 | G10: =ROUNDUP(D10*README!$B$13*(1+README!$B$14),0) -> 3 | H10: =G10+ROUNDUP(D10*README!$B$15,0) -> 8
A11: 2838423 | B11: MARLBORO GOLD CIGARETTE BOX | C11: 22 | D11: 0.244 | G11: =ROUNDUP(D11*README!$B$13*(1+README!$B$14),0) -> 3 | H11: =G11+ROUNDUP(D11*README!$B$15,0) -> 7
A12: 52000324815 | B12: Gatorade Cool Blue 20oz | C12: 29 | D12: 0.322 | G12: =ROUNDUP(D12*README!$B$13*(1+README!$B$14),0) -> 3 | H12: =G12+ROUNDUP(D12*README!$B$15,0) -> 8
A13: 497640 | B13: SPRITE 20OZ | C13: 21 | D13: 0.233 | G13: =ROUNDUP(D13*README!$B$13*(1+README!$B$14),0) -> 3 | H13: =G13+ROUNDUP(D13*README!$B$15,0) -> 7
... A101: 2.1E+11 | B101: TRUE LIME PACKETS 1 PACKET = 1 WEDGE | C101: 0 | D101: 0 | G101: =ROUNDUP(D101*README!$B$13*(1+README!$B$14),0) -> 0 | H101: =G101+ROUNDUP(D101*README!$B$15,0) -> 0

Sheet Sunrise
A1: SKU | B1: Item Name | C1: Units Sold (Last 90 Days) | D1: Avg Daily Units | E1: Gappy Sales Pattern | F1: Spiky Sales Pattern | G1: Reorder Level | H1: Par Level (Stocking Target)
A2: 2.1E+12 | B2: RED SINGLE SOLO CUP | C2: 41 | D2: 0.456 | G2: =ROUNDUP(D2*README!$B$13*(1+README!$B$14),0) -> 4 | H2: =G2+ROUNDUP(D2*README!$B$15,0) -> 11
A3: 4904403 | B3: COCA COLA 20OZ | C3: 36 | D3: 0.4 | G3: =ROUNDUP(D3*README!$B$13*(1+README!$B$14),0) -> 4 | H3: =G3+ROUNDUP(D3*README!$B$15,0) -> 10
A4: 70330604599 | B4: BIC LIGHTER | C4: 18 | D4: 0.2 | G4: =ROUNDUP(D4*README!$B$13*(1+README!$B$14),0) -> 2 | H4: =G4+ROUNDUP(D4*README!$B$15,0) -> 5
A5: 2.1E+11 | B5: ZEPHYRHILLS 500ML (16.9 OUNCE) SINGLE | C5: 20 | D5: 0.222 | G5: =ROUNDUP(D5*README!$B$13*(1+README!$B$14),0) -> 2 | H5: =G5+ROUNDUP(D5*README!$B$15,0) -> 6
A6: 7.93573E+11 | B6: NATUZZI ICE BAG 10 LB | C6: 11 | D6: 0.122 | G6: =ROUNDUP(D6*README!$B$13*(1+README!$B$14),0) -> 2 | H6: =G6+ROUNDUP(D6*README!$B$15,0) -> 4
A7: 73430005006 | B7: Zephyrhills 1.5L | C7: 14 | D7: 0.156 | G7: =ROUNDUP(D7*README!$B$13*(1+README!$B$14),0) -> 2 | H7: =G7+ROUNDUP(D7*README!$B$15,0) -> 5
A8: 88004144708 | B8: FIREBALL 50ML | C8: 13 | D8: 0.144 | G8: =ROUNDUP(D8*README!$B$13*(1+README!$B$14),0) -> 2 | H8: =G8+ROUNDUP(D8*README!$B$15,0) -> 5
A9: 7.86162E+11 | B9: SMART WATER SPORTS CAP 700ML | C9: 20 | D9: 0.222 | G9: =ROUNDUP(D9*README!$B$13*(1+README!$B$14),0) -> 2 | H9: =G9+ROUNDUP(D9*README!$B$15,0) -> 6
A10: 2838423 | B10: MARLBORO GOLD CIGARETTE BOX | C10: 11 | D10: 0.122 | G10: =ROUNDUP(D10*README!$B$13*(1+README!$B$14),0) -> 2 | H10: =G10+ROUNDUP(D10*README!$B$15,0) -> 4
A11: 25900227333 | B11: SWISHER SWEETS 2PK | C11: 10 | D11: 0.111 | G11: =ROUNDUP(D11*README!$B$13*(1+README!$B$14),0) -> 1 | H11: =G11+ROUNDUP(D11*README!$B$15,0) -> 3
A12: 497640 | B12: SPRITE 20OZ | C12: 10 | D12: 0.111 | G12: =ROUNDUP(D12*README!$B$13*(1+README!$B$14),0) -> 1 | H12: =G12+ROUNDUP(D12*README!$B$15,0) -> 3
A13: 8567507 | B13: NEW AMSTERDAM PINK WHITNEY 50ML | C13: 13 | D13: 0.144 | G13: =ROUNDUP(D13*README!$B$13*(1+README!$B$14),0) -> 2 | H13: =G13+ROUNDUP(D13*README!$B$15,0) -> 5
... A101: 83089660105 | B101: JAGERMEISTER 50ML | C101: 0 | D101: 0 | G101: =ROUNDUP(D101*README!$B$13*(1+README!$B$14),0) -> 0 | H101: =G101+ROUNDUP(D101*README!$B$15,0) -> 0
